	summarized	lineages	abundances	resid	coverage
03_04_24_SBFEB27_sub_R2__E0000000__X00__240314_WW_75__008.tsv	[('Omicron', 0.9985922736288443)]	JN.1.4.2 JN.1.8.2 JN.1 JN.1.18 JN.1.9 JN.1.11 JN.1.3 JN.1.1	0.34274200 0.15909100 0.13558464 0.13558464 0.13558464 0.08641980 0.00207039 0.00151515	4.813570695863229	83.01508209878608
03_04_24_PLFEB28_sub_R2__E0000000__X00__240314_WW_75__008.tsv	[('Omicron', 0.9987926440828914)]	JN.1.4 JN.1.7 JN.1.4.4 JN.1.11 JN.1.4.2	0.75476549 0.18372200 0.04905950 0.00944386 0.00180180	4.453110923092602	77.63769521452697
03_04_24_PLFEB27_sub_R1__E0000000__X00__240314_WW_75__008.tsv	[('Omicron', 0.9997267009925)]	JN.1.4.2 JN.1.9 JN.1.20 JN.1.8 JN.1 JN.1.29 JN.6 JN.3 JN.3.1	0.31313100 0.16673608 0.16673608 0.16673608 0.16673608 0.00595238 0.00594981 0.00594981 0.00179937	4.816400516006187	66.67892853559843
03_04_24_SBFEB29_sub_R2__E0000000__X00__240314_WW_75__008.tsv	[('Omicron', 0.9988574024812374)]	JN.1.8.2 JN.1.4.2 JN.1.8.1 JN.1 JN.1.8 JN.1.1 JN.1.9 JN.1.20 JN.5	0.60743235 0.11930100 0.04724365 0.04476861 0.04476861 0.04476861 0.04476861 0.04476861 0.00103734	5.688082571332021	71.64164130689228
03_04_24_PLFEB26_sub_R1__E0000000__X00__240314_WW_75__008.tsv	[('Omicron', 0.9999999999958902)]	JN.1.4 JN.1.8 JN.1 JN.1.20 JN.1.1 JN.1.7	0.36516900 0.18583833 0.18583833 0.18583833 0.04790420 0.02941180	3.529104375648533	72.78868340969133
03_04_24_ENCMAR01_sub_R2__E0000000__X00__240314_WW_75__008.tsv	[('Omicron', 0.9998625669970285)]	JN.1.1.5 JN.1.4.2 JN.1.1	0.78048800 0.18867900 0.03069557	4.687539957565459	69.72210146139183
03_04_24_PLFEB25_sub_R1__E0000000__X00__240314_WW_75__008.tsv	[('Omicron', 0.9988901590111086)]	JN.1.4 JN.1.28 JN.1.16 JN.1.4.2 JN.1.1 JN.1.4.3 JN.1.15 JN.1.3	0.67609498 0.21433566 0.06896550 0.02222220 0.01362090 0.00139082 0.00123762 0.00102249	5.020467699408561	84.85101829247901
03_04_24_ENCFEB29_sub_R2__E0000000__X00__240314_WW_75__008.tsv	[('Omicron', 0.9995273771558405)]	JN.1.4 JN.1.4.4 JN.1.5 JN.1 JN.1.9 JN.1.18 JN.1.1 JN.1.8 JN.1.7.1 JN.1.7 JN.1.10	0.37888201 0.37888199 0.03833580 0.03448489 0.03448489 0.03448489 0.03448489 0.03448489 0.01464920 0.01464920 0.00170474	5.194016840094655	78.28311540648096
