	summarized	lineages	abundances	resid	coverage
2.03.23.PLJAN29.R1__NA__NA__230203_reanalysis_WW__00X.tsv	[('BQ.1* [Omicron (BQ.1.X)]', 0.4146593367856939), ('XBB.1.5* [Omicron (XBB.1.5.X)]', 0.2908644348246439), ('Omicron', 0.1906832436447101), ('BA.2.75* [Omicron (BA.2.75.X)]', 0.017415408807130484), ('BA.5* [Omicron (BA.5.X)]', 0.00747512250729287), ('Other', 0.003198205773708577)]	XBB.1.5 XBB.1.13 XBB.1.5.20 BQ.1.23 BQ.1.1.25 BQ.1.1.2 BQ.1.1.48 BQ.1.1.13 EN.1 XBB.1.9 BQ.1.1.4 CM.8.1 BQ.1.1.52 BQ.1.28 XBB.1.1 BQ.1.1 BQ.1.1.58 XBB.1.5.1 BQ.1.1.68 XBB.1.5.17 BQ.1.2 ED.3 BQ.1.1.57 CH.1.1.2 XBB.1.5.19 XBB.1.4 XBB.1.15 XBB.1.5.21 BQ.1.18 XBB.1.5.13 EF.1.1 XBB.1.7 BQ.1.12 BQ.1.8 XBJ BQ.1.25.1 XBB.1.5.9 XBB.1.5.8 BQ.1.1.10 BQ.1.1.61 EF.1.2 XBE BQ.1.27 XBB.1.5.10 BQ.1.22 BQ.1.1.46 EE.5 BQ.1.2.1 BQ.1.1.34 XBL BY.1.1 BQ.1.1.39 XAZ EP.2 CP.1.1 BA.4.4 BM.2.1 BQ.1.1.59 BQ.1.1.37 BQ.1.30 XBB.1.5.16 CP.1.3 CC.1 BQ.1.1.62 BQ.1.17 BQ.1.1.55 BQ.1.11.1 BQ.1.1.63 B.58 BQ.1.1.43 BQ.1.1.35 BA.2.75.8 BQ.1.1.1 BR.2.1 BQ.1.15.1 BN.1.7 BQ.1.24 CZ.1	0.12853273 0.10738281 0.10503124 0.05982455 0.04771735 0.03496191 0.02907290 0.02837693 0.02378010 0.02335367 0.02104796 0.01824153 0.01681330 0.01380350 0.01362860 0.01342530 0.01342530 0.01258770 0.01217880 0.01179222 0.01130883 0.01081750 0.00998493 0.00917152 0.00906701 0.00845063 0.00729952 0.00674219 0.00556070 0.00554800 0.00533483 0.00522797 0.00501199 0.00444417 0.00394452 0.00390628 0.00388015 0.00350308 0.00338115 0.00326237 0.00325573 0.00312319 0.00281873 0.00277257 0.00265982 0.00256526 0.00225301 0.00224987 0.00204179 0.00196824 0.00177678 0.00173400 0.00166445 0.00162608 0.00158375 0.00148954 0.00148625 0.00148588 0.00145657 0.00144439 0.00140754 0.00139925 0.00136893 0.00135020 0.00134771 0.00133091 0.00130919 0.00124766 0.00122997 0.00121805 0.00118830 0.00116936 0.00115974 0.00115521 0.00106755 0.00103021 0.00102328 0.00101105	10.926784918495724	88.87737016352874
