	summarized	lineages	abundances	resid	coverage
8.11.23.ENCAUG04.R2.rerun__NA__NA__230926_WW__00X.tsv	[('Omicron', 0.9999999999998006)]	HN.1	1.00000000	3.33449743896776	1.9329164297896533
8.11.23.ENCAUG03.R2.rerun__NA__NA__230926_WW__00X.tsv	[('Other', 0.8285713999542014), ('Omicron', 0.1714285999363524)]	XBW BA.5 XAD XAP B.1.1.307	0.80000000 0.05714287 0.05714287 0.05714287 0.02857140	3.421966591161473	2.9194395211182824
8.30.23.ENCAUG23.R2.rerun__NA__NA__230926_WW__00X.tsv	[('Omicron', 0.9356541778142223), ('Other', 0.0017094000005428319)]	HN.1 FL.1.5.1 EG.5.1.4 XBB.1.16.19 FL.1.5.2 FW.1 XBB.1.16.9 GK.1.1 HZ.1 XBB.1.16.6 GJ.1.2.5 BA.2.86.1 EG.5.2.3 HK.6 XBB.1.5.57 FU.4 XBB.1.5.27 GK.1.2 XBB.1.31.2 XBB.1.37.1 FE.1.1.4 XCG FL.2.2 XBB.1.5.50 XBB.1.21 XBB.1.34.1 FL.2.3.1 XBB.1.5.105 XBB.1.16.24 JC.1 XBB.1.47.1 XBB.1.43.1 HA.2 FP.2.1.1 XBB.1.45.1 GS.4 FU.5 XBB.1.16.15 JB.1 EG.5.2.1 JF.1 FY.2.1 XBB.1.5.106	0.81765396 0.01362603 0.01355875 0.01202993 0.00675769 0.00554829 0.00522420 0.00411430 0.00382522 0.00382148 0.00360246 0.00248167 0.00241478 0.00239040 0.00219276 0.00201983 0.00195482 0.00189488 0.00183775 0.00176593 0.00171827 0.00170940 0.00161002 0.00150789 0.00150442 0.00146633 0.00141914 0.00124782 0.00121566 0.00120627 0.00118805 0.00113720 0.00110783 0.00110437 0.00109879 0.00109428 0.00107427 0.00106902 0.00106892 0.00104192 0.00103640 0.00101943 0.00100276	8.742024399578721	98.10052503093335
8.11.23.PLAUG09.R2.rerun__NA__NA__230926_WW__00X.tsv	[('Omicron', 0.9999999999993814)]	XAC XAD XAP	0.33333333 0.33333333 0.33333333	1.4232765963676983	1.2941845299802694
